{"doc0_0": [31.989977324263037, 60.0, 28.13002267573696, 60.0, 30.0, 60.0, 32.80997732426304, 60.0, 15.12, 35.799954648526075], "doc1_1": [30.90997732426304, 60.0, 30.90997732426304, 60.0, 60.0, 21.09002267573696, 60.0, 43.03002267573696, 60.0, 60.0], "doc2_2": [9.94, 15.910022675736961, 60.0, 15.910022675736961, 28.13002267573696, 60.0, 60.0, 4.82, 21.09002267573696, 15.910022675736961], "doc3_3": [60.0, 12.36, 60.0, 60.0, 32.28997732426304, 26.88997732426304, 60.0, 35.799954648526075, 60.0, 20.76], "doc4_4": [43.64, 35.799954648526075, 43.03002267573696, 27.8, 21.09002267573696, 60.0, 60.0, 60.0, 28.13002267573696, 15.12], "doc5_5": [17.92997732426304, 1.78, 17.969977324263038, 4.96, 60.0, 32.80997732426304, 60.0, 20.76, 60.0, 60.0], "doc6_6": [4.6899773242630385, 60.0, 31.989977324263037, 4.82, 6.16, 60.0, 60.0, 60.0, 60.0, 60.0], "doc7_7": [5.78, 30.0, 5.78, 60.0, 60.0, 16.56997732426304, 60.0, 9.94, 60.0, 60.0], "doc8_8": [60.0, 1.78, 60.0, 45.28, 15.12, 15.12, 20.76, 15.910022675736961, 6.16, 12.36], "doc9_9": [4.96, 33.389977324263036, 35.799954648526075, 60.0, 60.0, 17.969977324263038, 60.0, 60.0, 60.0, 60.0], "doc10_10": [32.28997732426304, 49.04997732426304, 27.030022675736962, 60.0, 60.0, 12.36, 34.05002267573696, 12.36, 39.659954648526075, 60.0], "doc11_11": [60.0, 4.82, 4.82, 27.8, 27.38, 60.0, 4.96, 31.989977324263037, 60.0, 27.8], "doc12_12": [60.0, 60.0, 15.910022675736961, 17.92997732426304, 60.0, 32.80997732426304, 60.0, 17.92997732426304, 60.0, 12.36], "doc13_13": [27.030022675736962, 32.28997732426304, 22.44, 60.0, 60.0, 27.38, 60.0, 17.92997732426304, 60.0, 60.0], "doc14_14": [35.799954648526075, 39.659954648526075, 30.0, 60.0, 32.80997732426304, 15.910022675736961, 32.80997732426304, 60.0, 26.88997732426304, 60.0], "doc15_15": [60.0, 60.0, 45.28, 60.0, 27.8, 60.0, 35.799954648526075, 27.030022675736962, 60.0, 60.0], "doc16_16": [60.0, 60.0, 15.610022675736962, 45.28, 60.0, 26.88997732426304, 5.78, 33.389977324263036, 60.0, 27.8], "doc17_17": [17.969977324263038, 27.38, 21.09002267573696, 15.12, 60.0, 31.989977324263037, 60.0, 60.0, 60.0, 60.0], "doc18_18": [60.0, 60.0, 27.38, 60.0, 60.0, 45.28, 28.13002267573696, 28.13002267573696, 4.82, 15.12], "doc19_19": [21.09002267573696, 6.16, 60.0, 43.64, 43.03002267573696, 30.0, 60.0, 60.0, 60.0, 35.799954648526075], "doc20_20": [60.0, 30.90997732426304, 60.0, 43.64, 4.82, 60.0, 60.0, 22.14, 60.0, 15.610022675736962], "doc21_21": [60.0, 30.90997732426304, 60.0, 60.0, 4.82, 39.659954648526075, 60.0, 27.8, 60.0, 60.0], "doc22_22": [60.0, 27.8, 45.28, 35.799954648526075, 60.0, 21.09002267573696, 60.0, 60.0, 60.0, 34.05002267573696], "doc23_23": [6.16, 60.0, 60.0, 27.030022675736962, 31.989977324263037, 60.0, 60.0, 60.0, 39.659954648526075, 60.0], "doc24_24": [60.0, 60.0, 60.0, 22.14, 60.0, 4.96, 1.78, 12.36, 60.0, 34.05002267573696], "doc25_25": [43.64, 15.910022675736961, 32.28997732426304, 15.12, 27.38, 22.44, 60.0, 30.90997732426304, 60.0, 60.0], "doc26_26": [45.28, 60.0, 60.0, 32.80997732426304, 27.8, 60.0, 60.0, 45.28, 35.799954648526075, 60.0], "doc27_27": [15.12, 39.659954648526075, 60.0, 34.05002267573696, 15.12, 60.0, 16.56997732426304, 15.910022675736961, 60.0, 60.0], "doc28_28": [32.28997732426304, 60.0, 39.659954648526075, 49.04997732426304, 9.94, 28.13002267573696, 5.78, 60.0, 32.80997732426304, 60.0], "doc29_29": [43.03002267573696, 60.0, 33.389977324263036, 43.64, 60.0, 60.0, 60.0, 15.910022675736961, 15.910022675736961, 60.0], "doc30_30": [60.0, 60.0, 33.389977324263036, 9.94, 15.910022675736961, 27.8, 60.0, 60.0, 60.0, 4.6899773242630385], "doc31_31": [22.44, 49.04997732426304, 30.90997732426304, 60.0, 60.0, 60.0, 60.0, 5.78, 9.94, 60.0], "doc32_32": [4.6899773242630385, 26.88997732426304, 4.82, 22.44, 22.44, 15.12, 4.6899773242630385, 32.80997732426304, 28.13002267573696, 15.610022675736962], "doc33_33": [60.0, 60.0, 30.90997732426304, 4.82, 60.0, 4.96, 5.78, 27.38, 32.28997732426304, 4.6899773242630385], "doc34_34": [60.0, 60.0, 60.0, 60.0, 32.28997732426304, 60.0, 60.0, 60.0, 26.88997732426304, 60.0], "doc35_35": [9.94, 26.88997732426304, 49.04997732426304, 17.969977324263038, 5.78, 9.94, 4.82, 21.09002267573696, 60.0, 60.0], "doc36_36": [28.13002267573696, 60.0, 33.389977324263036, 1.78, 60.0, 60.0, 22.14, 4.82, 60.0, 1.78], "doc37_37": [4.6899773242630385, 60.0, 28.13002267573696, 20.76, 60.0, 1.78, 30.0, 60.0, 20.76, 60.0], "doc38_38": [31.989977324263037, 60.0, 60.0, 60.0, 17.92997732426304, 27.8, 43.64, 60.0, 60.0, 20.76], "doc39_39": [28.13002267573696, 21.09002267573696, 60.0, 60.0, 60.0, 22.14, 17.92997732426304, 60.0, 4.6899773242630385, 43.64], "doc40_40": [60.0, 20.76, 33.389977324263036, 17.969977324263038, 30.90997732426304, 34.05002267573696, 60.0, 12.36, 27.8, 49.04997732426304], "doc41_41": [27.8, 30.90997732426304, 15.610022675736962, 60.0, 43.03002267573696, 60.0, 6.16, 33.389977324263036, 27.8, 60.0], "doc42_42": [27.38, 12.36, 5.78, 6.16, 60.0, 60.0, 43.64, 30.90997732426304, 60.0, 27.8], "doc43_43": [60.0, 60.0, 5.78, 60.0, 34.05002267573696, 1.78, 60.0, 60.0, 21.09002267573696, 32.80997732426304], "doc44_44": [60.0, 43.03002267573696, 27.38, 60.0, 26.88997732426304, 43.64, 27.8, 32.28997732426304, 60.0, 60.0], "doc45_45": [43.64, 16.56997732426304, 15.910022675736961, 15.910022675736961, 30.90997732426304, 60.0, 60.0, 30.90997732426304, 15.12, 32.28997732426304], "doc46_46": [21.09002267573696, 1.78, 5.78, 60.0, 15.610022675736962, 1.78, 6.16, 30.90997732426304, 60.0, 31.989977324263037], "doc47_47": [15.12, 60.0, 27.38, 60.0, 60.0, 60.0, 30.90997732426304, 15.610022675736962, 31.989977324263037, 32.28997732426304], "doc48_48": [20.76, 60.0, 60.0, 22.14, 4.6899773242630385, 60.0, 22.44, 60.0, 15.910022675736961, 4.82], "doc49_49": [60.0, 60.0, 27.030022675736962, 60.0, 6.16, 60.0, 60.0, 60.0, 45.28, 60.0], "doc50_50": [60.0, 30.90997732426304, 60.0, 60.0, 28.13002267573696, 34.05002267573696, 60.0, 60.0, 60.0, 60.0], "doc51_51": [60.0, 27.38, 15.12, 30.0, 60.0, 15.610022675736962, 60.0, 34.05002267573696, 30.0, 60.0], "doc52_52": [15.910022675736961, 34.05002267573696, 4.6899773242630385, 60.0, 1.78, 60.0, 32.28997732426304, 34.05002267573696, 30.90997732426304, 60.0], "doc53_53": [35.799954648526075, 15.910022675736961, 43.03002267573696, 60.0, 60.0, 39.659954648526075, 60.0, 17.92997732426304, 43.03002267573696, 21.09002267573696], "doc54_54": [60.0, 34.05002267573696, 49.04997732426304, 34.05002267573696, 34.05002267573696, 31.989977324263037, 17.969977324263038, 60.0, 45.28, 60.0], "doc55_55": [60.0, 60.0, 60.0, 60.0, 6.16, 4.96, 60.0, 60.0, 60.0, 5.78], "doc56_56": [60.0, 15.610022675736962, 60.0, 60.0, 60.0, 32.80997732426304, 60.0, 60.0, 60.0, 28.13002267573696], "doc57_57": [30.90997732426304, 21.09002267573696, 60.0, 12.36, 60.0, 60.0, 33.389977324263036, 60.0, 60.0, 9.94], "doc58_58": [12.36, 60.0, 26.88997732426304, 27.38, 60.0, 22.44, 60.0, 15.12, 1.78, 60.0], "doc59_59": [39.659954648526075, 35.799954648526075, 31.989977324263037, 60.0, 60.0, 43.03002267573696, 9.94, 60.0, 60.0, 60.0], "doc60_60": [33.389977324263036, 28.13002267573696, 34.05002267573696, 60.0, 49.04997732426304, 60.0, 16.56997732426304, 1.78, 60.0, 60.0], "doc61_61": [60.0, 33.389977324263036, 33.389977324263036, 60.0, 60.0, 60.0, 1.78, 28.13002267573696, 60.0, 60.0], "doc62_62": [60.0, 30.90997732426304, 22.14, 31.989977324263037, 60.0, 60.0, 60.0, 60.0, 60.0, 4.96], "doc63_63": [35.799954648526075, 15.610022675736962, 60.0, 31.989977324263037, 60.0, 60.0, 60.0, 60.0, 60.0, 60.0], "doc64_64": [9.94, 4.82, 60.0, 17.969977324263038, 43.64, 26.88997732426304, 35.799954648526075, 17.969977324263038, 5.78, 60.0], "doc65_65": [27.8, 12.36, 6.16, 60.0, 60.0, 22.44, 60.0, 43.64, 60.0, 60.0], "doc66_66": [35.799954648526075, 60.0, 60.0, 5.78, 27.8, 60.0, 39.659954648526075, 60.0, 43.64, 43.03002267573696], "doc67_67": [60.0, 60.0, 9.94, 34.05002267573696, 60.0, 60.0, 31.989977324263037, 60.0, 22.44, 60.0],